{
  "test_implementation.py": 1776502474.4110157,
  "main.py": 1775865177.9269097,
  "app/analyze_traces.py": 1776066720.7361155,
  "app/memory_manager.py": 1776013304.9735727,
  "app/approvals.py": 1776066720.7370381,
  "app/paths.py": 1776066720.7392697,
  "app/runtime_context.py": 1776000387.5031838,
  "app/preview_markdown.py": 1775981398.592781,
  "app/tool_registry.py": 1776502474.4050753,
  "app/tool_trace_manager.py": 1776502474.4055598,
  "app/logger.py": 1776502474.4046156,
  "app/model.py": 1776071237.265511,
  "app/compare_eval_runs.py": 1775981634.1424828,
  "app/cli.py": 1776066720.7374191,
  "app/conversation_state.py": 1776066720.7378876,
  "app/agent.py": 1776502474.404272,
  "app/compare_memory_eval_runs.py": 1775998477.6041477,
  "app/settings.py": 1776320487.4637241,
  "app/eval_runner.py": 1775980684.7499235,
  "app/memory_eval_runner.py": 1775999113.5577948,
  "app/main.py": 1775999452.595191,
  "app/long_term_memory.py": 1776320487.4628267,
  "app/tools/search_notes.py": 1776066720.7409518,
  "app/tools/workspace_tools.py": 1776320487.4650521,
  "app/tools/calculator.py": 1775883012.6199286,
  "app/tools/read_note.py": 1776066720.7403634,
  "app/api/services.py": 1776320487.461723,
  "app/api/schemas.py": 1776003178.9624445,
  "app/api/main.py": 1776066720.736519,
  "frontend/eslint.config.js": 1776004275.5852406,
  "frontend/vite.config.ts": 1776251379.6494257,
  "frontend/src/App.tsx": 1776502474.4076307,
  "frontend/src/main.tsx": 1776005147.3417647,
  "frontend/src/api.ts": 1776320563.5573025,
  "frontend/src/types.ts": 1776502474.4097373,
  "frontend/src/components/OperationsSidebar.tsx": 1776502474.4086602,
  "frontend/src/components/CollapsibleSection.tsx": 1776502474.408319,
  "frontend/src/components/SessionSidebar.tsx": 1776502474.4088876,
  "frontend/src/components/ChatPanel.tsx": 1776502474.4080873,
  "model-test-space/kilo_test.py": 1775873514.4882185,
  "model-test-space/remote_ollama.py": 1776286947.5252452,
  "model-test-space/colab_test.py": 1776288553.1248894,
  "model-test-space/lmstudio_server_test.py": 1776200374.0227203,
  "model-test-space/openai_test.py": 1775868073.1354902,
  "model-test-space/groq_test.py": 1775869300.6720088,
  "model-test-space/groq_test2.py": 1775873345.0156298,
  "model-test-space/openrouter_test2.py": 1775869469.508355,
  "model-test-space/gemini_test.py": 1775869219.5472045,
  "model-test-space/openrouter_test.py": 1775869341.2931125,
  "tests/test_model.py": 1776250059.1484087,
  "tests/conftest.py": 1776249713.279414,
  "tests/test_agent.py": 1776249815.6018045,
  "tests/test_memory.py": 1776250034.489137,
  "tests/test_tools.py": 1776249726.8843448,
  "htmlcov/coverage_html_cb_dd2e7eb5.js": 1776250066.0967607,
  "IMPLEMENTATION_SUMMARY.md": 1776502474.402918,
  "IMPLEMENTATION_COMPLETE.md": 1776502474.4024646,
  "README.md": 1776502474.4036953,
  "PROJECT_HANDOFF_detailed.md": 1776320487.4581494,
  "AGENTS.md": 1776502474.4020274,
  "frontend/index.html": 1776004275.585583,
  "frontend/README.md": 1776004275.5845816,
  "docs/PRODUCT.md": 1776502474.4068925,
  "docs/ARCHITECTURE.md": 1776502474.4060512,
  "docs/CHANGELOG.md": 1776502474.4062865,
  "docs/CURRENT_SCOPE.md": 1776502474.4065897,
  "docs/TASKS.md": 1776502474.4071736,
  "notes/python_basics.md": 1775884141.946805,
  "notes/django_notes.txt": 1775884213.5455403,
  "notes/rag_intro.md": 1775884172.181411,
  "\uc5f0\uc2b5\uc6a9/agent.md": 1776039006.86502,
  "\uc5f0\uc2b5\uc6a9/c.txt": 1776017320.6032128,
  "\uc5f0\uc2b5\uc6a9/b.txt": 1776017148.9689963,
  "\uc5f0\uc2b5\uc6a9/a.txt": 1776044002.3414469,
  "\uc5f0\uc2b5\uc6a9/e.txt": 1776022137.7857325,
  "\uc5f0\uc2b5\uc6a9/d.txt": 1776021890.9196794,
  "\uc5f0\uc2b5\uc6a9/f.txt": 1776036302.5736809,
  "htmlcov/z_5f5a17c013354698_compare_memory_eval_runs_py.html": 1776249808.5303915,
  "htmlcov/z_5f5a17c013354698_model_py.html": 1776249808.711989,
  "htmlcov/z_5f5a17c013354698_main_py.html": 1776249808.6653018,
  "htmlcov/index.html": 1776250066.1890469,
  "htmlcov/z_5f5a17c013354698_memory_manager_py.html": 1776249808.708401,
  "htmlcov/z_5f5a17c013354698_runtime_context_py.html": 1776249808.7246046,
  "htmlcov/z_5f5a17c013354698_conversation_state_py.html": 1776249808.5584605,
  "htmlcov/z_5f5a17c013354698_preview_markdown_py.html": 1776249808.7200432,
  "htmlcov/z_5f5a17c013354698_analyze_traces_py.html": 1776249808.4728174,
  "htmlcov/z_5f5a17c013354698_cli_py.html": 1776249808.5021818,
  "htmlcov/z_5f5a17c013354698_settings_py.html": 1776249808.730403,
  "htmlcov/z_5f5a17c013354698_compare_eval_runs_py.html": 1776249808.51707,
  "htmlcov/z_5f5a17c013354698_approvals_py.html": 1776249808.4821477,
  "htmlcov/z_9fc17fdde3804d40_calculator_py.html": 1776249808.7875485,
  "htmlcov/z_5f5a17c013354698_logger_py.html": 1776249808.5820305,
  "htmlcov/z_9fc17fdde3804d40_read_note_py.html": 1776249808.7935255,
  "htmlcov/z_5f5a17c013354698_agent_py.html": 1776249808.457531,
  "htmlcov/z_5f5a17c013354698_tool_registry_py.html": 1776249808.766479,
  "htmlcov/z_9fc17fdde3804d40_workspace_tools_py.html": 1776249808.9217513,
  "htmlcov/function_index.html": 1776250066.248096,
  "htmlcov/z_5f5a17c013354698_tool_trace_manager_py.html": 1776249808.7815373,
  "htmlcov/z_5f5a17c013354698_eval_runner_py.html": 1776249808.5781276,
  "htmlcov/z_5f5a17c013354698_memory_eval_runner_py.html": 1776249808.6915472,
  "htmlcov/z_9fc17fdde3804d40_search_notes_py.html": 1776249808.803452,
  "htmlcov/z_5f5a17c013354698_paths_py.html": 1776249808.7167068,
  "htmlcov/z_5f5a17c013354698_long_term_memory_py.html": 1776250066.1716266,
  "htmlcov/class_index.html": 1776250066.2514522,
  "frontend/public/icons.svg": 1776004275.5866232,
  "frontend/public/favicon.svg": 1776004275.586148,
  "frontend/src/assets/hero.png": 1776004275.5882642,
  "frontend/src/assets/vite.svg": 1776004275.589024,
  "frontend/src/assets/react.svg": 1776004275.588706,
  "htmlcov/favicon_32_cb_c827f16f.png": 1776250066.0974083,
  "htmlcov/keybd_closed_cb_900cfef5.png": 1776250066.0970726
}